{
  "mileage_km": 0.2922496795654297,
  "vehicle_age_years": 0.21201308071613312,
  "brake_pad_mm": 0.10152612626552582,
  "engine_temp_c": 0.08001355826854706,
  "oil_quality_pct": 0.07035797089338303,
  "coolant_level_pct": 0.06601489335298538,
  "battery_voltage": 0.06429839879274368,
  "rpm": 0.06337606906890869,
  "vibration_level": 0.050150252878665924
}